,enrollee_id,target
0,32403,0.16462663
1,9858,0.20160545
2,31806,0.4966687
3,27385,0.08366995
4,27724,0.11138397
5,217,0.4129713
6,21465,0.7695684
7,27302,0.6293878
8,12994,0.3217482
9,16287,0.5151564
10,10856,0.43759662
11,9272,0.12420188
12,14249,0.24779058
13,24372,0.08363319
14,14070,0.2712289
15,24914,0.38992247
16,7865,0.43198296
17,7463,0.11252873
18,21514,0.6778537
19,29033,0.7360215
20,15359,0.547676
21,16001,0.112754375
22,25202,0.6050723
23,5058,0.7418852
24,23570,0.17178807
25,19139,0.479506
26,9548,0.056189977
27,8799,0.5846305
28,11113,0.1664882
29,19437,0.66918796
30,394,0.13479136
31,7683,0.5985144
32,22849,0.16531983
33,17189,0.64787614
34,28610,0.0730553
35,25608,0.13160543
36,22139,0.09218508
37,19644,0.10179893
38,18517,0.5700704
39,12835,0.04721098
40,20178,0.12430792
41,25855,0.074478395
42,32126,0.09967604
43,22753,0.053118814
44,18133,0.6793614
45,29242,0.47721225
46,6312,0.6117019
47,113,0.049028374
48,14685,0.11294452
49,20768,0.19435345
50,25906,0.09915533
51,20142,0.04739977
52,25891,0.17876194
53,4742,0.592627
54,2222,0.083439134
55,16917,0.35636106
56,10493,0.65155816
57,10418,0.1709029
58,9766,0.12819773
59,1361,0.70451075
60,19625,0.049659964
61,20943,0.18318917
62,9561,0.13457294
63,4271,0.17732413
64,2094,0.13926941
65,16931,0.45083824
66,27298,0.67470145
67,26493,0.28771943
68,30745,0.5118358
69,21052,0.35072333
70,20723,0.6923549
71,13539,0.26467544
72,3214,0.13794014
73,16230,0.20679252
74,25300,0.06925816
75,24018,0.43129125
76,21833,0.071593605
77,30632,0.047927435
78,4334,0.39484212
79,22271,0.51028425
80,28776,0.09685679
81,27769,0.6622713
82,25909,0.1061573
83,31266,0.08324081
84,7973,0.09620029
85,30867,0.60781616
86,22501,0.09428541
87,2539,0.18859072
88,26681,0.12345484
89,16184,0.22354172
90,3852,0.11798289
91,1680,0.26003033
92,3562,0.07161829
93,8488,0.61272365
94,8373,0.139679
95,2934,0.10027471
96,12919,0.7128957
97,4386,0.5351217
98,22462,0.74237
99,13988,0.17260416
100,21230,0.20682809
101,26180,0.70298797
102,16658,0.047562353
103,10324,0.085989155
104,20453,0.09059718
105,13485,0.056508485
106,33080,0.07241195
107,25492,0.62134147
108,1319,0.5820297
109,19146,0.19769661
110,29339,0.062004797
111,33177,0.05152185
112,22143,0.08010711
113,22264,0.5648866
114,17034,0.17820978
115,27002,0.54312444
116,21318,0.098611996
117,12308,0.27965415
118,842,0.739541
119,4926,0.1941391
120,3,0.11065292
121,19567,0.681827
122,12809,0.049146697
123,22682,0.10936756
124,1216,0.089489914
125,4417,0.40299582
126,24162,0.8182832
127,16873,0.09054616
128,21920,0.096911274
129,24230,0.67188346
130,5189,0.17490856
131,24396,0.15609896
132,770,0.10819665
133,30913,0.07250227
134,14566,0.11660345
135,15634,0.07094682
136,18163,0.16095603
137,16673,0.6063979
138,18805,0.18071504
139,15367,0.73237795
140,22556,0.54421765
141,27439,0.38422734
142,18426,0.64801216
143,9789,0.103351936
144,28172,0.07837543
145,9184,0.0689499
146,3587,0.15549672
147,1167,0.11460666
148,1663,0.3849557
149,20948,0.2728981
150,31594,0.07930485
151,27117,0.44922194
152,678,0.07923826
153,1441,0.4514258
154,31272,0.64526534
155,12443,0.07861003
156,32981,0.10538318
157,1317,0.057962112
158,4601,0.07008497
159,30498,0.1479462
160,7863,0.4777177
161,8744,0.22258502
162,14698,0.066702396
163,10021,0.04475882
164,15253,0.08592951
165,18108,0.06415158
166,31410,0.09987197
167,30532,0.06770116
168,31733,0.14788786
169,28833,0.5742203
170,8708,0.41486174
171,10050,0.15793301
172,21685,0.066752516
173,18529,0.27632797
174,1850,0.2669049
175,22639,0.2177915
176,5967,0.6324217
177,20977,0.06225259
178,5391,0.73803765
179,4398,0.559136
180,18383,0.46725497
181,17336,0.6149161
182,7470,0.1075339
183,24781,0.09018124
184,24202,0.4863621
185,20650,0.19764222
186,5377,0.02676368
187,31693,0.1230037
188,28619,0.3570965
189,15432,0.156781
190,22999,0.80716264
191,8377,0.08985565
192,9302,0.45142204
193,16158,0.09615127
194,29575,0.6458809
195,16573,0.081807286
196,30736,0.48046023
197,20612,0.6619344
198,11976,0.042101696
199,28302,0.044054955
200,9462,0.6747835
201,14512,0.64829195
202,8401,0.10795046
203,19780,0.046492938
204,2594,0.5306277
205,1466,0.094298914
206,17205,0.133571
207,12990,0.090762734
208,4234,0.09113444
209,18171,0.64716345
210,15457,0.09424234
211,23319,0.69686425
212,10598,0.037634697
213,7788,0.6617611
214,32021,0.08286778
215,23969,0.07373842
216,13037,0.09158886
217,30196,0.08022757
218,19504,0.7477714
219,16336,0.69076616
220,6048,0.11504742
221,6827,0.5537548
222,9268,0.104594
223,11169,0.7202903
224,31131,0.26240954
225,12361,0.70743245
226,15165,0.58379376
227,27773,0.055476837
228,15266,0.082680486
229,26289,0.21422455
230,32553,0.11792451
231,33062,0.05242242
232,8818,0.052033745
233,15380,0.6344056
234,30120,0.5034938
235,24317,0.7220754
236,412,0.071434334
237,30607,0.22716089
238,8513,0.27788076
239,8596,0.18561096
240,14539,0.09951037
241,20456,0.53345585
242,15221,0.13098301
243,28968,0.16079442
244,21648,0.08299273
245,3210,0.12671244
246,22118,0.57296544
247,5605,0.31094676
248,30930,0.0795526
249,28718,0.15864305
250,8141,0.46148294
251,3486,0.091092244
252,8805,0.06629078
253,6602,0.21935315
254,14916,0.10170869
255,21636,0.12556182
256,9047,0.7474236
257,6694,0.07605519
258,17793,0.6503278
259,32857,0.042124003
260,26325,0.57370067
261,20907,0.5677195
262,12617,0.2372243
263,24295,0.07134767
264,32409,0.720144
265,16713,0.075488806
266,4863,0.45551077
267,13274,0.3222915
268,12462,0.6948881
269,8524,0.15764244
270,21728,0.03715401
271,20577,0.43400455
272,3407,0.4625678
273,27184,0.1490189
274,28845,0.102003805
275,2851,0.19744104
276,485,0.099234365
277,7207,0.04589738
278,9005,0.53985065
279,4532,0.06513025
280,23235,0.105820395
281,5403,0.0687955
282,8232,0.090392046
283,40,0.632469
284,8991,0.7023504
285,28620,0.080157295
286,16355,0.49158892
287,18340,0.7210807
288,5138,0.6249726
289,12391,0.4216308
290,15550,0.06663194
291,27155,0.05890378
292,19883,0.46053034
293,25140,0.5052767
294,27463,0.08739293
295,23894,0.5762665
296,18285,0.10993928
297,25415,0.37891662
298,9894,0.16595711
299,15242,0.6675016
300,8485,0.6915912
301,11982,0.031453356
302,28370,0.674861
303,17047,0.102945186
304,24941,0.64589596
305,28936,0.22139582
306,9562,0.38479394
307,30061,0.048224315
308,2718,0.69138664
309,24681,0.1339949
310,16210,0.068895005
311,1517,0.12250763
312,29475,0.07913146
313,32233,0.69583994
314,26601,0.17150606
315,22457,0.5598496
316,30759,0.6485947
317,27417,0.11342944
318,18983,0.3361627
319,32085,0.13249312
320,13197,0.07634517
321,14026,0.49936518
322,19719,0.63329095
323,30046,0.07023061
324,10446,0.5702091
325,5907,0.16709451
326,1392,0.10667088
327,10348,0.09139714
328,7957,0.24786253
329,19058,0.27561486
330,19243,0.16548072
331,7770,0.120839246
332,15910,0.085111015
333,30486,0.22991982
334,20333,0.35989678
335,6816,0.5404039
336,26209,0.07810978
337,10803,0.0655668
338,26411,0.13205001
339,31555,0.10917314
340,15564,0.1346058
341,28764,0.74909014
342,14172,0.13164805
343,3068,0.64031225
344,27164,0.053024136
345,20887,0.05484183
346,27102,0.016515702
347,14534,0.062337466
348,9021,0.05782852
349,6527,0.42183563
350,7615,0.09665101
351,11392,0.07525899
352,33148,0.497927
353,20910,0.69923526
354,20269,0.080919825
355,23670,0.6899697
356,19946,0.12202726
357,29652,0.18492618
358,23770,0.17575483
359,24340,0.032555908
360,18737,0.06408734
361,24739,0.14492165
362,31072,0.0985059
363,32629,0.19695033
364,4184,0.036115494
365,19028,0.1309193
366,12295,0.22039673
367,17898,0.051201034
368,25160,0.6590094
369,13000,0.23883352
370,8849,0.14309828
371,4773,0.095761485
372,23867,0.26814076
373,25341,0.10789626
374,1456,0.6787396
375,22152,0.10802899
376,6560,0.09342651
377,22829,0.13941893
378,4745,0.08669111
379,22814,0.11716305
380,23233,0.085314855
381,26370,0.14881788
382,12695,0.31503183
383,11888,0.049588818
384,319,0.10439449
385,2510,0.6791128
386,5298,0.058693938
387,18400,0.12447782
388,30849,0.51218474
389,31123,0.1638324
390,15829,0.0801462
391,15578,0.053285204
392,4037,0.09179726
393,29658,0.04984411
394,10171,0.06876814
395,1937,0.12182916
396,7376,0.084459364
397,25243,0.091904156
398,9234,0.0773963
399,8471,0.107618116
400,5367,0.120308906
401,5576,0.08936219
402,5488,0.07523738
403,18306,0.056950327
404,2063,0.09696283
405,14205,0.17906599
406,16490,0.23319635
407,10560,0.058205303
408,23064,0.10327377
409,32545,0.1029705
410,29833,0.5918942
411,14200,0.063787356
412,29830,0.5343135
413,21423,0.70519775
414,13869,0.08557069
415,28259,0.06026003
416,9618,0.7375351
417,18209,0.60940343
418,27437,0.09623941
419,17129,0.45881525
420,8349,0.09620522
421,6179,0.086818375
422,28842,0.4385025
423,26563,0.20012183
424,19256,0.38832754
425,25579,0.114491135
426,27521,0.115943
427,31378,0.097691126
428,14870,0.46751508
429,11929,0.0887934
430,14585,0.4431248
431,32487,0.71350217
432,15593,0.4654624
433,13170,0.053243548
434,24544,0.075386375
435,11613,0.68985295
436,30221,0.7549888
437,28251,0.12782875
438,4062,0.15727612
439,29018,0.09643191
440,26433,0.09451208
441,5489,0.27872962
442,19459,0.6508383
443,6017,0.14940712
444,24261,0.6035954
445,16705,0.12700862
446,16540,0.3876556
447,7508,0.17615463
448,32650,0.11167001
449,21381,0.53979677
450,9487,0.72749585
451,9040,0.18127978
452,12854,0.13289134
453,32495,0.2755121
454,1622,0.51467776
455,15660,0.65906245
456,4052,0.13340595
457,23279,0.16195229
458,20286,0.21427643
459,13832,0.32448775
460,8066,0.27140644
461,31585,0.09120854
462,1249,0.06213934
463,10843,0.11114286
464,9706,0.09967292
465,14601,0.6834102
466,5823,0.18591383
467,1148,0.06301901
468,31284,0.07408961
469,21383,0.28111053
470,32156,0.15544315
471,14110,0.15667497
472,20035,0.705668
473,20872,0.13227665
474,14568,0.5301827
475,12115,0.07821946
476,26440,0.096921064
477,28319,0.07665845
478,11654,0.27973992
479,22964,0.05777278
480,6834,0.13040406
481,15305,0.4531599
482,14669,0.5347063
483,15978,0.063154176
484,32027,0.10509289
485,4806,0.11746805
486,23700,0.14243284
487,5956,0.03241176
488,2441,0.09084867
489,20068,0.19206399
490,18369,0.4932675
491,28121,0.63116676
492,15061,0.093479514
493,7443,0.11133952
494,14456,0.6750041
495,1864,0.07990091
496,23766,0.08124041
497,13051,0.13552485
498,25644,0.16060324
499,16941,0.10286711
500,30388,0.09027072
501,5861,0.074632175
502,9840,0.14036824
503,16203,0.23243585
504,23986,0.6201923
505,6889,0.04170723
506,3658,0.058535185
507,4004,0.13309613
508,14620,0.13193189
509,18979,0.05741824
510,25101,0.5898944
511,10873,0.034660984
512,24570,0.07584801
513,25051,0.7496978
514,22366,0.113512374
515,11762,0.12072883
516,9993,0.14584747
517,31464,0.04487471
518,5040,0.20909357
519,976,0.13151939
520,30784,0.08369516
521,31557,0.48740163
522,22982,0.049798984
523,29300,0.045617823
524,5932,0.12422765
525,31852,0.1209382
526,20833,0.06938995
527,9501,0.063662805
528,9707,0.7399923
529,20756,0.15112151
530,11541,0.0723734
531,28084,0.06288378
532,9726,0.52325934
533,31483,0.103491254
534,17440,0.6614773
535,30836,0.39753836
536,139,0.091599144
537,2606,0.5671186
538,14158,0.62437534
539,13100,0.41320553
540,30502,0.09347125
541,24245,0.052060127
542,28562,0.108514935
543,12735,0.10435679
544,4114,0.0930086
545,30367,0.38015473
546,5412,0.426663
547,27834,0.0677531
548,4709,0.08080472
549,23880,0.35173523
550,18607,0.21292478
551,15527,0.06242015
552,13748,0.12537794
553,24331,0.48616934
554,10636,0.09300807
555,12488,0.6450569
556,16660,0.042701766
557,2892,0.14606498
558,6332,0.3998808
559,6504,0.57115054
560,19043,0.1628611
561,22715,0.17595068
562,27606,0.08849603
563,33052,0.0818818
564,6793,0.05937358
565,16595,0.7089876
566,18261,0.06133031
567,27307,0.07290051
568,25699,0.5439497
569,11707,0.117580175
570,21613,0.5608215
571,32057,0.45702648
572,115,0.06978021
573,6823,0.06401016
574,14353,0.20769309
575,26805,0.6484309
576,15635,0.5668541
577,26417,0.053125687
578,3848,0.08594306
579,17211,0.5722876
580,13103,0.12115141
581,5243,0.6146409
582,2107,0.18241015
583,30974,0.0567462
584,2998,0.06832826
585,22975,0.62902135
586,27239,0.7341919
587,18463,0.52852064
588,21490,0.5447174
589,30657,0.10052166
590,32075,0.52618086
591,31141,0.09194114
592,2340,0.044408478
593,21188,0.21130383
594,24156,0.46925935
595,32584,0.16787723
596,6515,0.6461146
597,14292,0.10218113
598,16125,0.115959644
599,25802,0.4727163
600,19385,0.69574416
601,27304,0.08237077
602,3697,0.6305767
603,11800,0.19889255
604,180,0.16163898
605,7733,0.5848899
606,6935,0.1072978
607,4082,0.14398265
608,31959,0.05192778
609,25113,0.6684702
610,14329,0.3705292
611,15570,0.084867
612,32516,0.66710085
613,2535,0.065240346
614,16014,0.10493933
615,24251,0.078486696
616,31019,0.29768276
617,21012,0.11795977
618,22140,0.22301069
619,21462,0.6188814
620,20786,0.38816467
621,32404,0.2706613
622,16084,0.57445514
623,20103,0.59587693
624,22525,0.19520426
625,13230,0.66228336
626,29502,0.061865155
627,11646,0.076371014
628,6058,0.057346486
629,30892,0.09727881
630,31017,0.19564998
631,23803,0.10859096
632,6831,0.57357913
633,20380,0.53853613
634,15629,0.11263648
635,17342,0.10043417
636,22359,0.23716466
637,27610,0.16872981
638,26769,0.48805207
639,3979,0.16143987
640,25171,0.119505316
641,23379,0.39482492
642,18138,0.12854151
643,31687,0.11582355
644,23739,0.21013542
645,8392,0.4992759
646,6427,0.16481028
647,27813,0.09332467
648,20687,0.06947148
649,22527,0.6444391
650,33343,0.6801401
651,818,0.12378213
652,31669,0.7196343
653,10952,0.14677542
654,16331,0.06073785
655,32029,0.16334116
656,21152,0.14633323
657,23488,0.072082765
658,11945,0.58267176
659,1670,0.3129529
660,16104,0.113859035
661,4158,0.10820995
662,29781,0.08339604
663,6720,0.6332208
664,14369,0.27657518
665,20235,0.08808803
666,3617,0.10690536
667,30756,0.61974615
668,22625,0.6995237
669,22057,0.61297596
670,20635,0.6974205
671,1588,0.2261306
672,234,0.101992
673,18752,0.60357094
674,18128,0.03857743
675,18260,0.35921425
676,19332,0.14299646
677,9564,0.0943292
678,5685,0.047397297
679,18063,0.097732425
680,27124,0.12858063
681,3395,0.6331865
682,22310,0.06722395
683,15977,0.20120801
684,4917,0.14641552
685,19102,0.1457316
686,23275,0.3608649
687,13157,0.57345057
688,13269,0.04152663
689,29977,0.57975817
690,20571,0.056124087
691,23883,0.5059287
692,33033,0.652724
693,10579,0.3222931
694,5258,0.58782244
695,853,0.10553803
696,27245,0.538618
697,30670,0.6657713
698,22497,0.17639998
699,3218,0.10936122
700,464,0.05709057
701,15770,0.05893818
702,18264,0.066464774
703,32066,0.7067558
704,11386,0.6129312
705,17502,0.15337296
706,32273,0.62643737
707,27543,0.09427313
708,16317,0.61970544
709,2852,0.09274556
710,5056,0.111261524
711,17504,0.33346435
712,24585,0.6422036
713,11734,0.10087843
714,16675,0.08485884
715,23344,0.46125153
716,21786,0.06316504
717,31079,0.40073347
718,33251,0.092643216
719,7805,0.09479589
720,8911,0.63427585
721,7315,0.31909963
722,28132,0.6248328
723,8367,0.122682914
724,27909,0.10170782
725,32320,0.07415954
726,15441,0.08791075
727,25999,0.64375687
728,20169,0.22300076
729,11682,0.40489402
730,26581,0.13097636
731,14832,0.6153612
732,18023,0.25351313
733,18963,0.060603175
734,9105,0.14051914
735,18344,0.6514749
736,576,0.08753546
737,2656,0.10603872
738,16881,0.10048237
739,30245,0.49274564
740,9630,0.090240546
741,3580,0.0887934
742,14773,0.06298658
743,31238,0.07935526
744,1633,0.14317824
745,1995,0.5180181
746,30587,0.06519056
747,32369,0.047926296
748,3722,0.5152633
749,10721,0.10110607
750,407,0.07722371
751,31098,0.075201966
752,4053,0.088070445
753,13782,0.18203525
754,20767,0.20080754
755,20113,0.20489118
756,4674,0.64406824
757,2444,0.6790277
758,19966,0.13307627
759,26367,0.27408892
760,19508,0.07930527
761,13006,0.1209199
762,7563,0.066727124
763,25993,0.036950763
764,18013,0.3523748
765,27699,0.10227396
766,3003,0.11049951
767,6620,0.13272418
768,4364,0.066114314
769,2296,0.062199965
770,17958,0.25804678
771,9740,0.100127436
772,1304,0.10548563
773,28735,0.075775206
774,32212,0.2111494
775,14053,0.52724695
776,22641,0.039432395
777,17900,0.51902837
778,31333,0.07619897
779,501,0.59596753
780,18104,0.11506989
781,6092,0.10756849
782,17249,0.055265732
783,1227,0.41396973
784,23515,0.06981431
785,16309,0.21389928
786,5368,0.47369838
787,27693,0.13992949
788,2582,0.06855294
789,12096,0.68695533
790,17526,0.09169493
791,23647,0.06773737
792,11440,0.69475234
793,7942,0.086494245
794,12064,0.5679801
795,2170,0.20158549
796,15663,0.6773952
797,18378,0.8233642
798,5943,0.08726911
799,8578,0.06466235
800,28645,0.108368725
801,5101,0.44052476
802,14529,0.05165455
803,26235,0.7032833
804,24260,0.069522664
805,17549,0.58599937
806,17610,0.13388406
807,10246,0.39809936
808,8990,0.59607095
809,20459,0.6538638
810,22775,0.6197693
811,11212,0.07570445
812,11963,0.06618636
813,14516,0.6553029
814,6464,0.12562874
815,31981,0.040997565
816,19350,0.092128634
817,675,0.2884038
818,3374,0.5128212
819,24495,0.05335174
820,8484,0.12267212
821,12459,0.6259424
822,29414,0.09958136
823,10548,0.066209756
824,29383,0.54399455
825,13373,0.70102155
826,21283,0.20921572
827,2280,0.54774886
828,5624,0.09841061
829,6778,0.5343957
830,2926,0.13348524
831,20431,0.108427845
832,29537,0.059135832
833,4450,0.6389531
834,25833,0.6654309
835,33112,0.061289296
836,547,0.08534814
837,9270,0.25062785
838,15566,0.13789251
839,30826,0.07427818
840,250,0.08886964
841,25714,0.3277607
842,28267,0.7743839
843,4504,0.41789672
844,12581,0.0568688
845,15483,0.0948475
846,2894,0.23433515
847,15726,0.13964891
848,17117,0.099774934
849,14182,0.5954721
850,3699,0.24716084
851,29624,0.5149628
852,16168,0.14192897
853,9800,0.10873516
854,9544,0.5040145
855,1433,0.6253022
856,27458,0.2639089
857,4804,0.63343143
858,24376,0.12061595
859,31613,0.1831009
860,26895,0.10667526
861,17085,0.12281387
862,22698,0.6529103
863,146,0.07903439
864,24022,0.6041217
865,14658,0.1427813
866,21548,0.059166744
867,9827,0.08247873
868,18544,0.50127304
869,28874,0.09891013
870,6361,0.11708917
871,13089,0.051131647
872,23426,0.059576653
873,22520,0.7097618
874,9649,0.08888461
875,23255,0.32448304
876,24081,0.6440514
877,23116,0.058092363
878,27338,0.6966173
879,14873,0.10868921
880,11886,0.603781
881,9207,0.034860715
882,3291,0.09450359
883,5002,0.19540715
884,6768,0.6563127
885,6281,0.16968745
886,11155,0.09446431
887,14342,0.2646249
888,10394,0.0652552
889,14014,0.063932195
890,28671,0.06669632
891,5109,0.09987983
892,31775,0.08123758
893,17944,0.048115067
894,7499,0.10569282
895,13124,0.5327087
896,22808,0.6131356
897,29695,0.22826535
898,6167,0.096040346
899,137,0.1114158
900,19494,0.11515747
901,33277,0.6570495
902,3760,0.20318155
903,6837,0.5999022
904,27220,0.08726928
905,26985,0.19913797
906,23667,0.18796828
907,7793,0.14063811
908,11502,0.56878173
909,5882,0.2367281
910,24978,0.6520993
911,25866,0.13824746
912,30020,0.45852175
913,5380,0.06455321
914,20045,0.09147643
915,26651,0.08372091
916,14077,0.063198894
917,32000,0.6713894
918,26694,0.7447402
919,167,0.6545511
920,28381,0.10681932
921,24612,0.08668936
922,17481,0.26201552
923,28007,0.6693356
924,26178,0.6368635
925,13467,0.23466209
926,5720,0.7688927
927,18565,0.73677194
928,17018,0.091480754
929,13047,0.0759481
930,20475,0.6762209
931,5150,0.085888006
932,31451,0.71412575
933,14621,0.062454257
934,29123,0.08453433
935,13949,0.60175794
936,2269,0.75407714
937,12814,0.03069975
938,5255,0.49800882
939,3880,0.10166147
940,25297,0.10159464
941,27008,0.65550405
942,1886,0.057658195
943,31129,0.07063395
944,1123,0.23534703
945,9149,0.12570222
946,21962,0.2202894
947,462,0.7612711
948,2677,0.5444127
949,18648,0.06514327
950,25612,0.15988895
951,2784,0.13094679
952,33064,0.6004052
953,3543,0.067223355
954,16419,0.05544309
955,31606,0.71332353
956,5800,0.10240896
957,9032,0.086888246
958,32908,0.57722825
959,31186,0.026925227
960,18411,0.7443733
961,7636,0.12253831
962,25586,0.16196667
963,2583,0.0578755
964,560,0.107119866
965,5514,0.06374785
966,3624,0.040283997
967,1274,0.17625456
968,4957,0.17187022
969,7424,0.07303416
970,12055,0.22495925
971,9163,0.63974464
972,29171,0.0707344
973,16193,0.11707292
974,25623,0.49838945
975,2575,0.1737953
976,21353,0.6791619
977,9106,0.03359033
978,30470,0.3038638
979,20437,0.07019539
980,18316,0.7198461
981,11956,0.09625845
982,8713,0.22496794
983,12951,0.3249789
984,23795,0.11245265
985,25933,0.08871842
986,14271,0.1415803
987,25129,0.771837
988,344,0.06782722
989,31672,0.7139646
990,6400,0.15149488
991,30719,0.04630902
992,26660,0.055156764
993,14428,0.72667646
994,6225,0.12771578
995,7773,0.6979502
996,7720,0.117660366
997,2018,0.14254814
998,5485,0.1473889
999,23288,0.13821873
1000,33010,0.1167737
1001,4819,0.06385607
1002,3127,0.14113986
1003,32360,0.10965576
1004,23133,0.056782722
1005,28972,0.59776354
1006,7439,0.6000071
1007,28333,0.4444483
1008,25726,0.120164104
1009,15009,0.08356788
1010,20205,0.06215587
1011,31245,0.066068284
1012,10810,0.576926
1013,1172,0.72106266
1014,10809,0.31506902
1015,16944,0.6835196
1016,12829,0.12272159
1017,24246,0.052854363
1018,33108,0.1274907
1019,5484,0.23553374
1020,20725,0.06103567
1021,19501,0.46557626
1022,19468,0.1251439
1023,1097,0.12519957
1024,31984,0.105010495
1025,172,0.13340595
1026,4899,0.07251826
1027,19171,0.11624916
1028,21296,0.2727509
1029,14156,0.14185928
1030,31565,0.09631388
1031,21308,0.7221865
1032,691,0.09065018
1033,15225,0.06784868
1034,852,0.10972527
1035,3413,0.6084519
1036,33234,0.21388735
1037,13314,0.5380069
1038,30921,0.0722734
1039,17072,0.16789144
1040,31230,0.65371686
1041,6689,0.2071285
1042,19117,0.13326664
1043,32259,0.07187981
1044,15640,0.44969207
1045,16690,0.07205183
1046,10928,0.64815605
1047,10640,0.08030763
1048,14904,0.104445875
1049,5160,0.10778396
1050,8239,0.62752175
1051,11912,0.14227714
1052,23554,0.14006905
1053,17221,0.7319456
1054,25072,0.063005775
1055,19240,0.08101167
1056,12151,0.089655995
1057,26963,0.08872993
1058,2889,0.05968006
1059,19260,0.101603486
1060,7626,0.7472186
1061,31896,0.20725782
1062,17673,0.095243976
1063,12645,0.5869636
1064,13726,0.31096637
1065,14240,0.7881
1066,5113,0.22717255
1067,32646,0.5072413
1068,30645,0.12019327
1069,14500,0.40163806
1070,16525,0.04047379
1071,20663,0.050302878
1072,8897,0.7180986
1073,10049,0.08631195
1074,13543,0.12708966
1075,1250,0.10239638
1076,16345,0.39027956
1077,3673,0.09261941
1078,17165,0.72520936
1079,8587,0.12564817
1080,7903,0.16639416
1081,28390,0.6528645
1082,18101,0.2857042
1083,3408,0.39056048
1084,3619,0.088310674
1085,9335,0.09663469
1086,31337,0.5648079
1087,18903,0.062301554
1088,1406,0.0741914
1089,31133,0.6898477
1090,30475,0.12478312
1091,11339,0.05939156
1092,10455,0.5235695
1093,22881,0.16046126
1094,29667,0.16940127
1095,16517,0.15152897
1096,15094,0.074229844
1097,2682,0.15566187
1098,7679,0.68545353
1099,2954,0.058560316
1100,12709,0.55693483
1101,24845,0.07863155
1102,6829,0.55406946
1103,12810,0.14547734
1104,20607,0.2229324
1105,10429,0.13596208
1106,18781,0.07873039
1107,21189,0.16949919
1108,19996,0.088119976
1109,24837,0.07405206
1110,4955,0.072761625
1111,32766,0.11864578
1112,6209,0.62212014
1113,24293,0.7306625
1114,28090,0.07990733
1115,11842,0.24232955
1116,13211,0.5682372
1117,26309,0.12796116
1118,4832,0.18862982
1119,23885,0.0547546
1120,27278,0.19241647
1121,32853,0.10946787
1122,3264,0.07867127
1123,9997,0.109680794
1124,21496,0.10791246
1125,20570,0.67100716
1126,11907,0.07882227
1127,28629,0.10917527
1128,31388,0.110616334
1129,14538,0.5002789
1130,28,0.1931896
1131,32099,0.68910486
1132,6356,0.44641447
1133,16058,0.065497
1134,10198,0.10308307
1135,24993,0.1258535
1136,28864,0.22119062
1137,1206,0.073577575
1138,14412,0.119478546
1139,19987,0.07050688
1140,15586,0.18948121
1141,17424,0.06390056
1142,19783,0.055798326
1143,15763,0.07913751
1144,6433,0.5645649
1145,7881,0.06634427
1146,9237,0.12174861
1147,26656,0.10023161
1148,14019,0.5196471
1149,27036,0.06717855
1150,8304,0.05526571
1151,16458,0.7372384
1152,16138,0.2352995
1153,8701,0.10065217
1154,14281,0.10118421
1155,1968,0.025441574
1156,742,0.10739137
1157,17953,0.2719972
1158,660,0.08955881
1159,10829,0.082781754
1160,14159,0.17922515
1161,13603,0.03864533
1162,18232,0.12155968
1163,14574,0.6594167
1164,24725,0.12006479
1165,10737,0.10045386
1166,15141,0.111531824
1167,25308,0.7219031
1168,23084,0.08712413
1169,25465,0.0560506
1170,12340,0.07257975
1171,15589,0.066283874
1172,129,0.1250006
1173,19641,0.14871107
1174,8083,0.17506379
1175,4166,0.07500419
1176,14586,0.61633635
1177,21822,0.051590342
1178,2415,0.11448934
1179,1382,0.5091083
1180,30373,0.09197333
1181,1135,0.06434597
1182,29230,0.29651466
1183,16972,0.093480684
1184,25730,0.13530147
1185,17021,0.060094338
1186,19032,0.09181983
1187,6154,0.085745975
1188,2744,0.056824885
1189,621,0.38051823
1190,14035,0.72562724
1191,13621,0.48315263
1192,19202,0.08332004
1193,29010,0.50713414
1194,3606,0.1445492
1195,22214,0.15190367
1196,16245,0.19410378
1197,30639,0.10112249
1198,28365,0.07316482
1199,30546,0.16916896
1200,7792,0.30147058
1201,12846,0.6899345
1202,25038,0.2249873
1203,17919,0.47481427
1204,6465,0.05184285
1205,13836,0.08734497
1206,30399,0.051862754
1207,27949,0.062217653
1208,27512,0.056607503
1209,22507,0.085339144
1210,656,0.5022415
1211,23663,0.61316043
1212,30907,0.096821025
1213,30023,0.066813484
1214,22045,0.27167493
1215,2209,0.04361063
1216,4838,0.5089501
1217,28498,0.1224134
1218,1179,0.1451203
1219,10682,0.24569277
1220,20707,0.07671044
1221,31228,0.6032903
1222,11642,0.08720686
1223,14477,0.6246932
1224,25737,0.12289991
1225,21032,0.58816457
1226,30770,0.62971985
1227,28733,0.09847159
1228,26032,0.5354237
1229,2421,0.6253835
1230,6027,0.09881313
1231,7266,0.700541
1232,20956,0.06563058
1233,26068,0.21997929
1234,20179,0.11612917
1235,32956,0.08619417
1236,12570,0.5025559
1237,7689,0.67694706
1238,19653,0.026337415
1239,8447,0.1518334
1240,18513,0.25123814
1241,4066,0.08533827
1242,613,0.16207305
1243,12437,0.0779392
1244,20917,0.72421837
1245,12505,0.72871625
1246,22510,0.6995435
1247,6642,0.68190205
1248,8562,0.17611457
1249,13030,0.15367372
1250,33291,0.21405858
1251,10469,0.69739276
1252,30777,0.16055846
1253,31756,0.45905662
1254,3879,0.13460988
1255,16255,0.727363
1256,5050,0.51021296
1257,4273,0.59587693
1258,14867,0.064463206
1259,16180,0.66637486
1260,8491,0.098552786
1261,23514,0.07137219
1262,14398,0.16928732
1263,11444,0.1939375
1264,22303,0.16271636
1265,7391,0.1473555
1266,9195,0.6506276
1267,7519,0.3101348
1268,15307,0.40652028
1269,24683,0.1003777
1270,27067,0.7399152
1271,11327,0.1572855
1272,2529,0.57715935
1273,31349,0.04967235
1274,30739,0.07971979
1275,32141,0.11690499
1276,7759,0.6021979
1277,16286,0.5808972
1278,5381,0.5423225
1279,16782,0.6117019
1280,8122,0.050602876
1281,4370,0.35124642
1282,13883,0.02250747
1283,21673,0.09078554
1284,24268,0.07889909
1285,17200,0.18036634
1286,31533,0.05274048
1287,23172,0.06922468
1288,1647,0.101689674
1289,1276,0.1046273
1290,19942,0.54535604
1291,26888,0.6137445
1292,11667,0.110302575
1293,3890,0.09146934
1294,17267,0.30068114
1295,4934,0.07570836
1296,2752,0.63465637
1297,6413,0.37846586
1298,5817,0.07430509
1299,27952,0.5649436
1300,6402,0.17083888
1301,2358,0.5459031
1302,7645,0.74023885
1303,15411,0.12227245
1304,32727,0.68578595
1305,32693,0.1441684
1306,471,0.20028967
1307,16922,0.12520349
1308,31991,0.039876986
1309,16212,0.5555491
1310,22477,0.61428374
1311,11514,0.0959555
1312,28290,0.1254153
1313,11473,0.08881163
1314,28584,0.0628259
1315,9209,0.34242156
1316,28252,0.7663748
1317,30158,0.06414614
1318,18492,0.6860356
1319,18940,0.11072487
1320,30512,0.66958135
1321,19654,0.55833507
1322,16577,0.09126762
1323,17836,0.6261772
1324,29074,0.1404449
1325,25155,0.7042546
1326,31796,0.19710274
1327,30965,0.06266901
1328,7212,0.23624146
1329,20419,0.6009491
1330,27143,0.62869644
1331,33134,0.28014213
1332,21657,0.48011157
1333,14255,0.08078418
1334,11728,0.10159998
1335,915,0.11658544
1336,7987,0.62116134
1337,25241,0.08531556
1338,18483,0.28617892
1339,7032,0.150981
1340,31668,0.092139505
1341,22870,0.040852115
1342,13142,0.091017246
1343,11481,0.08386309
1344,1679,0.07320827
1345,15849,0.32814
1346,22392,0.61848927
1347,29223,0.049642347
1348,5296,0.100866124
1349,25329,0.025328545
1350,15164,0.5398765
1351,5780,0.094683014
1352,14767,0.12675163
1353,7926,0.4248108
1354,32606,0.13809785
1355,30295,0.6276304
1356,2436,0.11814864
1357,12407,0.049372472
1358,5509,0.07967438
1359,33300,0.07573803
1360,12374,0.18296595
1361,23562,0.14962503
1362,27420,0.5931782
1363,15974,0.13172181
1364,13204,0.5168406
1365,12453,0.72184855
1366,21071,0.15324217
1367,795,0.24396656
1368,80,0.07021826
1369,8509,0.11909673
1370,27199,0.08810697
1371,4393,0.15481977
1372,26993,0.6721875
1373,9753,0.58666337
1374,17074,0.0721246
1375,9291,0.06423353
1376,21210,0.099213
1377,6548,0.11013246
1378,5601,0.6498217
1379,29159,0.107537754
1380,20909,0.07422741
1381,13140,0.18884166
1382,8903,0.08052286
1383,20079,0.20103788
1384,24628,0.12217902
1385,5482,0.06069445
1386,16050,0.63375354
1387,18581,0.44652045
1388,14438,0.52764213
1389,8031,0.04414724
1390,32710,0.12785123
1391,5857,0.14058779
1392,28799,0.05479116
1393,19726,0.08730841
1394,6191,0.21193041
1395,32521,0.058315143
1396,29176,0.12321015
1397,28278,0.056140713
1398,2625,0.09979991
1399,15587,0.19722503
1400,14741,0.09665101
1401,19210,0.15102361
1402,21015,0.1040048
1403,2010,0.07867816
1404,8942,0.49079883
1405,9586,0.12449842
1406,6444,0.147008
1407,1604,0.06607208
1408,24158,0.5312681
1409,24017,0.16093752
1410,24362,0.23285818
1411,29969,0.06094723
1412,16831,0.06824977
1413,28518,0.03373527
1414,21039,0.063539185
1415,1776,0.06334648
1416,1678,0.12077648
1417,11188,0.542951
1418,5346,0.08487526
1419,25867,0.27153683
1420,8335,0.04838346
1421,29417,0.118236616
1422,28383,0.39648613
1423,31485,0.0910243
1424,11330,0.12564644
1425,13259,0.07549328
1426,7539,0.14127913
1427,18271,0.7540652
1428,19556,0.04775393
1429,31232,0.6541457
1430,1175,0.12943372
1431,8107,0.09272462
1432,2768,0.07272285
1433,26448,0.10386381
1434,22700,0.5960045
1435,10287,0.06993803
1436,21246,0.35621253
1437,9098,0.21529044
1438,17952,0.3960784
1439,3889,0.12654208
1440,268,0.08208575
1441,27376,0.082996435
1442,22042,0.57272446
1443,32395,0.1571818
1444,16955,0.1155459
1445,15027,0.07724307
1446,27771,0.057586588
1447,25918,0.07017638
1448,28694,0.056797475
1449,10523,0.54763097
1450,12163,0.29292092
1451,10279,0.51840633
1452,20918,0.097157925
1453,22940,0.0767747
1454,11283,0.119659886
1455,15682,0.15373123
1456,29890,0.07921507
1457,24998,0.15988338
1458,15853,0.09062923
1459,14581,0.047860444
1460,27390,0.11061914
1461,21976,0.08884654
1462,28808,0.17160791
1463,14285,0.17330776
1464,7784,0.09371672
1465,15973,0.76729393
1466,24155,0.71244293
1467,24815,0.1470891
1468,21023,0.28821698
1469,27787,0.081353396
1470,24378,0.49644664
1471,7346,0.13740633
1472,25958,0.07568667
1473,32635,0.33277497
1474,1985,0.6188583
1475,288,0.08625826
1476,27281,0.07349919
1477,7953,0.6960058
1478,366,0.65438455
1479,27108,0.0729618
1480,9514,0.13845158
1481,17386,0.18653466
1482,4889,0.108261675
1483,22974,0.5658324
1484,28176,0.104260966
1485,17224,0.1572427
1486,32636,0.38895866
1487,21511,0.029710237
1488,25408,0.65113497
1489,10308,0.21581748
1490,6509,0.63206714
1491,12676,0.05392928
1492,22320,0.09941837
1493,19403,0.7842069
1494,25679,0.14401306
1495,25097,0.6697001
1496,30538,0.17693777
1497,29321,0.13125256
1498,5083,0.1362016
1499,17194,0.07911446
1500,25371,0.097418174
1501,25629,0.0512184
1502,2790,0.67151016
1503,31615,0.11596116
1504,9134,0.59716564
1505,23968,0.092265986
1506,24908,0.62969714
1507,22712,0.25268885
1508,11063,0.40167153
1509,16129,0.30649737
1510,25292,0.24921036
1511,11796,0.5395907
1512,31234,0.43348396
1513,4581,0.121353805
1514,17703,0.19207989
1515,30036,0.26227224
1516,9837,0.30946
1517,2715,0.3295581
1518,22652,0.2620229
1519,15158,0.09974839
1520,830,0.073677324
1521,24660,0.09830019
1522,2915,0.41258383
1523,18322,0.14219399
1524,23189,0.10094821
1525,25544,0.047722142
1526,15534,0.29441693
1527,12312,0.70530474
1528,7789,0.5908018
1529,6335,0.08119063
1530,17675,0.09803745
1531,7156,0.46279594
1532,14816,0.10751423
1533,31402,0.66595006
1534,12759,0.0893219
1535,18706,0.4163677
1536,5266,0.111395635
1537,27308,0.6005778
1538,6721,0.60219353
1539,667,0.072483756
1540,3027,0.11726084
1541,8735,0.15555416
1542,24238,0.45413315
1543,28911,0.07234569
1544,18575,0.37318155
1545,15098,0.09671063
1546,33308,0.55763835
1547,185,0.095106944
1548,25603,0.6205048
1549,27386,0.1393252
1550,28630,0.024915306
1551,32243,0.08768543
1552,3635,0.10982421
1553,30957,0.522172
1554,2326,0.35496792
1555,17950,0.58915377
1556,32910,0.6798092
1557,32353,0.20687778
1558,13462,0.6220845
1559,28937,0.05026863
1560,29276,0.61077285
1561,16082,0.10103454
1562,515,0.08941014
1563,31826,0.107505195
1564,14515,0.24616188
1565,26722,0.7196677
1566,2937,0.10308481
1567,30103,0.1156917
1568,25100,0.028988771
1569,13397,0.11733332
1570,8413,0.33410597
1571,11413,0.45155987
1572,9556,0.53167725
1573,28061,0.5956031
1574,32374,0.087818936
1575,16251,0.578537
1576,23674,0.724478
1577,16689,0.08660877
1578,8042,0.12152235
1579,9055,0.6618511
1580,12674,0.07095002
1581,16328,0.051374912
1582,22099,0.13493459
1583,6314,0.08816739
1584,4579,0.17552985
1585,11640,0.64412457
1586,5126,0.11330077
1587,11401,0.181711
1588,5841,0.08055033
1589,1838,0.71800584
1590,6398,0.08084608
1591,18267,0.3198574
1592,22591,0.7798497
1593,12996,0.66214186
1594,8514,0.10329707
1595,3862,0.091017246
1596,29762,0.19393712
1597,32795,0.79292494
1598,9918,0.0746637
1599,10162,0.1192176
1600,18847,0.14953412
1601,26138,0.38404825
1602,30294,0.100349165
1603,31629,0.056899957
1604,32019,0.5344478
1605,29341,0.15750532
1606,31465,0.08919313
1607,19158,0.07172763
1608,26354,0.13483179
1609,2936,0.16268522
1610,24820,0.2006316
1611,29326,0.6726367
1612,32022,0.08970754
1613,10478,0.45447806
1614,24800,0.607284
1615,29243,0.23028745
1616,22835,0.4248773
1617,6615,0.6749314
1618,32152,0.078642674
1619,7281,0.11608535
1620,7314,0.14423291
1621,5479,0.6514186
1622,28427,0.13715908
1623,18166,0.11947318
1624,18384,0.7419033
1625,23628,0.37620154
1626,18665,0.5518633
1627,20691,0.7094114
1628,10260,0.565212
1629,4586,0.7692937
1630,610,0.06540979
1631,17389,0.20581277
1632,12558,0.6566237
1633,16395,0.036848135
1634,11770,0.1304725
1635,27991,0.61031556
1636,27425,0.28102276
1637,25585,0.7757986
1638,20758,0.047424033
1639,4791,0.17187092
1640,18816,0.6191307
1641,31466,0.30435103
1642,12500,0.103121325
1643,1928,0.7115427
1644,15385,0.15886825
1645,14264,0.10621964
1646,29541,0.08764774
1647,8426,0.10585487
1648,11148,0.1808339
1649,22661,0.09551162
1650,19550,0.70809305
1651,15384,0.6467755
1652,1443,0.083467685
1653,14491,0.093550675
1654,3275,0.075775206
1655,5265,0.16225609
1656,15865,0.48880503
1657,8539,0.08461736
1658,25995,0.112031564
1659,12288,0.049066063
1660,25411,0.16063818
1661,12189,0.6620013
1662,27933,0.046329945
1663,11273,0.081643015
1664,30859,0.0992686
1665,15521,0.06704264
1666,25054,0.66451496
1667,11506,0.18807377
1668,5934,0.13170385
1669,3689,0.19152942
1670,27337,0.35628814
1671,15911,0.0755466
1672,32996,0.12291165
1673,10663,0.0699695
1674,18356,0.6698638
1675,6865,0.12785177
1676,30679,0.11876998
1677,7347,0.22493087
1678,31951,0.657034
1679,13009,0.43315268
1680,6452,0.12523617
1681,19294,0.1346011
1682,12946,0.09908939
1683,8375,0.57910013
1684,8043,0.061294053
1685,4063,0.14175451
1686,14821,0.078115806
1687,16107,0.5331153
1688,23465,0.65870816
1689,18698,0.09033102
1690,24582,0.095821045
1691,19239,0.08786275
1692,9664,0.13135672
1693,17300,0.6718928
1694,21257,0.1192362
1695,26856,0.09577862
1696,29283,0.09060186
1697,30846,0.07327098
1698,24670,0.084959984
1699,11391,0.07938535
1700,13823,0.12697706
1701,25931,0.14097892
1702,14638,0.06768705
1703,29031,0.5136426
1704,14883,0.72646886
1705,17924,0.42835003
1706,30951,0.0975752
1707,9051,0.56679183
1708,6963,0.07862043
1709,3559,0.090317816
1710,9700,0.14212263
1711,11849,0.30474848
1712,22737,0.085411176
1713,6969,0.36793604
1714,31870,0.10385234
1715,25263,0.06785335
1716,21049,0.5801164
1717,17307,0.2978319
1718,19471,0.05803232
1719,22338,0.10650184
1720,18519,0.7386741
1721,8752,0.3611524
1722,17254,0.5918277
1723,31441,0.18335222
1724,13175,0.09727707
1725,2122,0.66339934
1726,734,0.07933689
1727,10655,0.3612919
1728,20900,0.08211263
1729,25977,0.5461134
1730,8038,0.15811175
1731,9275,0.36351612
1732,26576,0.21338643
1733,8184,0.51244575
1734,25181,0.060629595
1735,27059,0.119659886
1736,17920,0.10525236
1737,14932,0.183083
1738,2491,0.044881556
1739,22450,0.65705806
1740,12831,0.08167048
1741,24057,0.60763323
1742,27854,0.181277
1743,9083,0.11506676
1744,26670,0.658232
1745,5709,0.08969761
1746,31995,0.53891647
1747,11845,0.36852527
1748,14052,0.08371745
1749,22407,0.45322162
1750,33353,0.09271038
1751,32278,0.7387864
1752,14069,0.34348077
1753,828,0.04990861
1754,16574,0.06176423
1755,6742,0.581317
1756,6583,0.035392974
1757,15159,0.058814332
1758,16614,0.19436817
1759,27456,0.12569673
1760,16462,0.6883995
1761,32105,0.52986306
1762,22464,0.5394036
1763,20165,0.43498346
1764,2610,0.38720638
1765,18668,0.04101219
1766,20361,0.45136756
1767,1055,0.112066574
1768,19794,0.19178037
1769,4810,0.5659139
1770,16560,0.57980776
1771,5236,0.46162012
1772,28886,0.66265345
1773,18338,0.20328371
1774,25697,0.12532975
1775,15150,0.08969893
1776,5005,0.10243353
1777,8358,0.11491712
1778,27297,0.7689501
1779,19413,0.7790295
1780,5111,0.31427827
1781,13477,0.53454727
1782,2120,0.13335909
1783,28293,0.12847932
1784,31481,0.7092455
1785,25635,0.045674965
1786,14041,0.038260337
1787,10311,0.094653696
1788,13925,0.069283
1789,2183,0.5874081
1790,23188,0.09321782
1791,8982,0.20212373
1792,20064,0.13198222
1793,21604,0.7850337
1794,3991,0.4065182
1795,3307,0.13492475
1796,4343,0.1111169
1797,24642,0.081010714
1798,12008,0.09823458
1799,22200,0.053454228
1800,2789,0.18042278
1801,22697,0.5973435
1802,20321,0.12029929
1803,13470,0.123383306
1804,31236,0.6757
1805,32607,0.66487163
1806,8216,0.49797016
1807,5320,0.08540093
1808,30466,0.09540801
1809,24026,0.6183979
1810,30013,0.067234
1811,22342,0.12512985
1812,370,0.29739788
1813,30365,0.6735164
1814,30316,0.694755
1815,28350,0.13562456
1816,11927,0.45305282
1817,31708,0.5707268
1818,25882,0.22070283
1819,16079,0.72257155
1820,21788,0.20693499
1821,2530,0.36937952
1822,20640,0.20904952
1823,7148,0.23961344
1824,20308,0.70229506
1825,2196,0.07740114
1826,17225,0.08276447
1827,28163,0.14746666
1828,16164,0.11830203
1829,11460,0.49226055
1830,2900,0.17904164
1831,1026,0.19090231
1832,8049,0.08276328
1833,12413,0.11573597
1834,17269,0.19777247
1835,3885,0.06925443
1836,5194,0.06329025
1837,11644,0.21175277
1838,28377,0.027357956
1839,25914,0.72702235
1840,24947,0.08617545
1841,32540,0.5817469
1842,1346,0.11807961
1843,13220,0.12143431
1844,19336,0.059443854
1845,7416,0.14017542
1846,26996,0.056962565
1847,26859,0.13629241
1848,13498,0.074445784
1849,17659,0.101172045
1850,25173,0.07968858
1851,12002,0.036245257
1852,22468,0.5840951
1853,25106,0.18962905
1854,11730,0.1363137
1855,21871,0.10083742
1856,19543,0.18419053
1857,4842,0.14346102
1858,12874,0.16019918
1859,19725,0.6066715
1860,27614,0.07266803
1861,322,0.077422336
1862,29603,0.07359957
1863,28292,0.120520934
1864,423,0.14561345
1865,22858,0.14317678
1866,16449,0.0982014
1867,26195,0.1183387
1868,29710,0.5096887
1869,11901,0.4524382
1870,8170,0.1660769
1871,31818,0.683222
1872,10618,0.5792191
1873,10217,0.09068727
1874,13819,0.2955565
1875,13722,0.07439196
1876,18100,0.15874647
1877,5029,0.062777355
1878,31473,0.14051586
1879,26801,0.7055737
1880,18912,0.110484324
1881,27030,0.12823598
1882,3647,0.12166716
1883,4222,0.5335083
1884,25614,0.7493219
1885,19648,0.7576068
1886,22430,0.7049479
1887,15851,0.1664634
1888,301,0.049923535
1889,18825,0.0679616
1890,31758,0.77131253
1891,5898,0.53438735
1892,17932,0.029873729
1893,30260,0.123512276
1894,17669,0.059673566
1895,14806,0.123121984
1896,22480,0.1768421
1897,29259,0.06196225
1898,22746,0.073718734
1899,9852,0.68709344
1900,30,0.15637092
1901,17854,0.10420449
1902,9205,0.5267729
1903,17779,0.633992
1904,20154,0.10508016
1905,16828,0.4364463
1906,7387,0.0449123
1907,31802,0.39944246
1908,17188,0.6599894
1909,7300,0.05543802
1910,12136,0.06974634
1911,21899,0.12526469
1912,10834,0.3057046
1913,20841,0.5059805
1914,5962,0.62652284
1915,7813,0.10833751
1916,10847,0.3514547
1917,30109,0.7323896
1918,3312,0.11960532
1919,12884,0.11931779
1920,20514,0.079315335
1921,8411,0.13891037
1922,16798,0.1554263
1923,27389,0.14241627
1924,32783,0.11365855
1925,10230,0.11064615
1926,5980,0.6418878
1927,3672,0.6966556
1928,29832,0.45912477
1929,18719,0.57757175
1930,23024,0.08146763
1931,29629,0.66962785
1932,8112,0.64022344
1933,13953,0.0962852
1934,17450,0.70125777
1935,9752,0.6486184
1936,10167,0.121313214
1937,181,0.73190385
1938,1476,0.15902522
1939,16816,0.10076176
1940,16023,0.44815183
1941,12059,0.20997183
1942,28220,0.0589195
1943,18822,0.062238615
1944,17720,0.13988043
1945,13419,0.14919746
1946,23734,0.17698613
1947,6610,0.11342959
1948,18569,0.10354078
1949,25136,0.25166428
1950,21469,0.15013635
1951,19752,0.07775675
1952,32453,0.04752065
1953,24625,0.101512045
1954,32745,0.08828403
1955,15144,0.10887117
1956,26541,0.069465004
1957,14132,0.10883683
1958,2580,0.07201894
1959,32229,0.13414662
1960,11638,0.08238784
1961,7132,0.5024964
1962,22168,0.093621865
1963,29886,0.3774278
1964,5130,0.06786761
1965,923,0.07349706
1966,28035,0.32526985
1967,17153,0.069531396
1968,30428,0.67213863
1969,14687,0.06927933
1970,26621,0.6095118
1971,19744,0.16242716
1972,32698,0.06860943
1973,15049,0.47994372
1974,32808,0.68085027
1975,7535,0.11120097
1976,20622,0.74820554
1977,22863,0.14722595
1978,21845,0.08921752
1979,16135,0.058890317
1980,15095,0.12866013
1981,29703,0.21821535
1982,14785,0.54673743
1983,20150,0.070330344
1984,19473,0.1904671
1985,26862,0.14713539
1986,3377,0.0894586
1987,21166,0.62024313
1988,24684,0.1211886
1989,32511,0.16213988
1990,10587,0.38261196
1991,23210,0.07921629
1992,8243,0.15279056
1993,2046,0.1185363
1994,875,0.06928179
1995,437,0.068876505
1996,9208,0.71872616
1997,18560,0.12463945
1998,31361,0.21344109
1999,3432,0.7456601
2000,17066,0.05015127
2001,17993,0.19592564
2002,4879,0.07822913
2003,32898,0.8013308
2004,28680,0.14088541
2005,10304,0.3098746
2006,26899,0.06991444
2007,23403,0.48747352
2008,21936,0.14883365
2009,26927,0.36184782
2010,25713,0.089659765
2011,23976,0.2785126
2012,29908,0.10484806
2013,17426,0.48677483
2014,9806,0.12913764
2015,25886,0.0376107
2016,2736,0.05704801
2017,26688,0.062091418
2018,19261,0.1584769
2019,16728,0.11806464
2020,8837,0.09916223
2021,9345,0.042434596
2022,25696,0.074517526
2023,33236,0.06210111
2024,7258,0.3921005
2025,4274,0.036068473
2026,18287,0.14068528
2027,25062,0.12865694
2028,11144,0.087254204
2029,11404,0.16191468
2030,13232,0.07682408
2031,21968,0.7180171
2032,12142,0.67157185
2033,30796,0.10647468
2034,23735,0.5618511
2035,26679,0.07897573
2036,21726,0.0667816
2037,5171,0.58627653
2038,3180,0.0600143
2039,26950,0.72116697
2040,24234,0.714587
2041,32649,0.6936716
2042,4377,0.71636194
2043,545,0.25779667
2044,13114,0.10165514
2045,22786,0.6331647
2046,21335,0.69412655
2047,13292,0.71685195
2048,25862,0.056992505
2049,37,0.58685815
2050,25890,0.09800648
2051,22037,0.12871891
2052,29304,0.19858019
2053,19816,0.086735405
2054,7012,0.7286986
2055,23338,0.6543304
2056,30621,0.5815055
2057,11855,0.20435835
2058,14062,0.09726106
2059,952,0.06922468
2060,28695,0.55913067
2061,25255,0.11683683
2062,14684,0.048592445
2063,2599,0.1459985
2064,27764,0.5342635
2065,22708,0.6727814
2066,13605,0.08500685
2067,3445,0.10871608
2068,12029,0.18562616
2069,28494,0.64148587
2070,26151,0.05721515
2071,30903,0.05988095
2072,23078,0.13726155
2073,3520,0.10799046
2074,23948,0.62148243
2075,20536,0.5822381
2076,12472,0.27731216
2077,12756,0.079510145
2078,634,0.26086533
2079,11458,0.33461136
2080,20348,0.15793078
2081,21057,0.13080162
2082,26446,0.59338135
2083,24170,0.059561178
2084,16216,0.1209728
2085,28349,0.052311465
2086,17295,0.14020918
2087,33316,0.16072379
2088,5280,0.414504
2089,11201,0.43510127
2090,26483,0.13017605
2091,10977,0.0736685
2092,33290,0.63603634
2093,27216,0.7284514
2094,7877,0.04845054
2095,5650,0.19239122
2096,6590,0.113582216
2097,13464,0.69044214
2098,25639,0.1116942
2099,12406,0.25735492
2100,32113,0.1160314
2101,3787,0.1197428
2102,23606,0.41336063
2103,7522,0.44081375
2104,15293,0.54057896
2105,7564,0.59478986
2106,19218,0.11939746
2107,19678,0.07254628
2108,19499,0.046248183
2109,13962,0.06279736
2110,22744,0.13806607
2111,21887,0.38519526
2112,28552,0.17446628
2113,10726,0.09989392
2114,6294,0.15865976
2115,13833,0.66205806
2116,31643,0.07221214
2117,21500,0.1028342
2118,33225,0.088865645
2119,8905,0.28490242
2120,9772,0.018906282
2121,27163,0.060384814
2122,24507,0.197031
2123,21339,0.5922802
2124,1289,0.32843238
2125,195,0.09736425
2126,31762,0.04844233
2127,7873,0.07587199
2128,12215,0.20180613
